{"stats":{"minecraft:custom":{"minecraft:time_since_rest":4762,"minecraft:crouch_one_cm":30,"minecraft:play_time":4762,"minecraft:sprint_one_cm":13505,"minecraft:damage_taken":110,"minecraft:walk_one_cm":2043,"minecraft:sneak_time":53,"minecraft:mob_kills":2,"minecraft:drop":3,"minecraft:jump":129,"minecraft:damage_dealt":180,"minecraft:leave_game":1,"minecraft:time_since_death":4762,"minecraft:total_world_time":4762,"minecraft:fall_one_cm":5268,"minecraft:fly_one_cm":19917},"minecraft:picked_up":{"minecraft:porkchop":3,"minecraft:mutton":1,"minecraft:white_wool":1},"minecraft:used":{"minecraft:porkchop":2},"minecraft:mined":{"minecraft:grass":1,"minecraft:oak_leaves":6},"minecraft:dropped":{"minecraft:porkchop":1,"minecraft:mutton":1,"minecraft:white_wool":1},"minecraft:killed":{"minecraft:sheep":1,"minecraft:pig":1}},"DataVersion":3465}